abbrv_nflfastr,abbrv_pff,team_nflfastr,team_reddit,team_logo,draft_franchise_id
ARI,ARZ,Cardinals,Cardinals,https://a.espncdn.com/i/teamlogos/nfl/500/ari.png,1
ATL,ATL,Falcons,Falcons,https://a.espncdn.com/i/teamlogos/nfl/500/atl.png,2
BAL,BLT,Ravens,Ravens,https://a.espncdn.com/i/teamlogos/nfl/500/bal.png,3
BUF,BUF,Bills,Bills,https://a.espncdn.com/i/teamlogos/nfl/500/buf.png,4
CAR,CAR,Panthers,Panthers,https://a.espncdn.com/i/teamlogos/nfl/500-dark/car.png,5
CHI,CHI,Bears,Bears,https://a.espncdn.com/i/teamlogos/nfl/500/chi.png,6
CIN,CIN,Bengals,Bengals,https://a.espncdn.com/i/teamlogos/nfl/500/cin.png,7
CLE,CLV,Browns,Browns,https://a.espncdn.com/i/teamlogos/nfl/500/cle.png,8
DAL,DAL,Cowboys,Cowboys,https://a.espncdn.com/i/teamlogos/nfl/500/dal.png,9
DEN,DEN,Broncos,Broncos,https://a.espncdn.com/i/teamlogos/nfl/500/den.png,10
DET,DET,Lions,Lions,https://a.espncdn.com/i/teamlogos/nfl/500/det.png,11
GB,GB,Packers,Packers,https://a.espncdn.com/i/teamlogos/nfl/500/gb.png,12
HOU,HST,Texans,Texans,https://a.espncdn.com/i/teamlogos/nfl/500/hou.png,13
IND,IND,Colts,Colts,https://a.espncdn.com/i/teamlogos/nfl/500/ind.png,14
JAX,JAX,Jaguars,Jaguars,https://a.espncdn.com/i/teamlogos/nfl/500/jax.png,15
KC,KC,Chiefs,Chiefs,https://a.espncdn.com/i/teamlogos/nfl/500/kc.png,16
LA,LA,Rams,Chargers,https://a.espncdn.com/i/teamlogos/nfl/500/lar.png,26
LAC,LAC,Chargers,Rams,https://a.espncdn.com/i/teamlogos/nfl/500/lac.png,27
LV,LV,Raiders,Raiders,https://a.espncdn.com/i/teamlogos/nfl/500/lv.png,23
MIA,MIA,Dolphins,Dolphins,https://a.espncdn.com/i/teamlogos/nfl/500/mia.png,17
MIN,MIN,Vikings,Vikings,https://a.espncdn.com/i/teamlogos/nfl/500/min.png,18
NE,NE,Patriots,Patriots,https://a.espncdn.com/i/teamlogos/nfl/500/ne.png,19
NO,NO,Saints,Saints,https://a.espncdn.com/i/teamlogos/nfl/500/no.png,20
NYG,NYG,Giants,Giants,https://a.espncdn.com/i/teamlogos/nfl/500/nyg.png,21
NYJ,NYJ,Jets,Jets,https://a.espncdn.com/i/teamlogos/nfl/500/nyj.png,22
PHI,PHI,Eagles,Eagles,https://a.espncdn.com/i/teamlogos/nfl/500/phi.png,24
PIT,PIT,Steelers,Steelers,https://a.espncdn.com/i/teamlogos/nfl/500/pit.png,25
SEA,SEA,Seahawks,49ers,https://a.espncdn.com/i/teamlogos/nfl/500/sea.png,29
SF,SF,49ers,Seahawks,https://a.espncdn.com/i/teamlogos/nfl/500/sf.png,28
TB,TB,Buccaneers,Buccaneers,https://a.espncdn.com/i/teamlogos/nfl/500/tb.png,30
TEN,TEN,Titans,Titans,https://a.espncdn.com/i/teamlogos/nfl/500/ten.png,31
WAS,WAS,Football Team,Redskins,https://a.espncdn.com/i/teamlogos/nfl/500/wsh.png,32
